data_contato,negocio,segmento,instagram,responsavel,whatsapp,problema_observado,amostra_enviada,canal,status,data_followup_1,data_followup_2,valor_orcado,resultado,observacoes
2026-08-04,EXEMPLO - Burger da Praca,Restaurante,@exemplo,Marcos,91 9xxxx-xxxx,Fotos de produto escuras e com fundo bagunçado,sim,DM,aguardando resposta,2026-08-07,2026-08-11,,,Refiz a foto do combo e mandei junto
,,,,,,,,,,,,,,
,,,,,,,,,,,,,,
,,,,,,,,,,,,,,
,,,,,,,,,,,,,,
,,,,,,,,,,,,,,
,,,,,,,,,,,,,,
,,,,,,,,,,,,,,
,,,,,,,,,,,,,,
,,,,,,,,,,,,,,
,,,,,,,,,,,,,,
